hour,is_weekend,sin_hour,cos_hour,lag_1,lag_12,lag_24,roll_mean_6,roll_std_6,roll_mean_12,roll_std_12,roll_mean_24,roll_std_24,roll_mean_48,roll_std_48,power_factor,reactive_power,voltage
0.0,-0.08069573955288295,0.0,0.0,0.12064175501531804,0.007449030691677758,0.021606958843898905,0.21219090873719038,0.0024158392959940495,0.1274942810289099,-0.0015151843139121141,0.059242470266530484,0.024304493531458783,0.0515072825582157,0.041432362889269624,0.7738180517500212,0.14855533178142674,-0.03694576313049691
0.0,-0.07930318814991262,0.0,0.0,0.12323393199450006,0.007734052123173091,0.020235688243082386,0.21020244203413155,0.0015192995695817231,0.13126180809198382,-0.0020388054956872823,0.0588116910683409,0.02407601372319574,0.052481661401885184,0.04255511129854055,0.7811584766393278,0.15050948270535097,-0.03741052429365664
0.0,-0.080564697267086,0.0,0.0,0.11209606824916767,0.010485873648854798,0.01921607139150951,0.20937157257097624,0.0006708659864110821,0.12705363513140813,-0.0017560163366787884,0.052211389555533554,0.027037190822968963,0.043248827931669266,0.04616906975106588,0.7911971975600621,0.1546120723810853,-0.037606612410632206
0.0,-0.08155223651390349,0.0,0.0,0.119713802772428,0.008417186136811132,0.021675255891951118,0.20899992527042927,0.002276251057911458,0.11848142629065282,-0.0017947366760543053,0.053612250365475796,0.028833300872489694,0.041205500127790194,0.04250911301046154,0.7843533922156547,0.15575702266460525,-0.038259496749306635
0.0,0.18775421095516437,0.0,0.0,0.12986106167861644,0.011185291107012768,0.017242835016595844,0.24343413370833458,0.002572131519168523,0.1474733007775729,0.004726355696109766,0.067662499178409,0.03084040263317348,0.05671248941132247,0.055811059426032227,0.7715532656994414,0.15826253854942093,-0.04770562946358478
0.0,0.18564739827712934,0.0,0.0,0.12781304963584095,0.010133109788601848,0.0168033181635556,0.24378558140140488,-0.00027619039010919294,0.1501893281702247,0.005460867674917183,0.06499243281752148,0.03178481765450034,0.05826142650485033,0.05672791634157244,0.7743158995347397,0.17381391353703504,-0.04713335962334822
0.0,-0.0842484088651975,0.0,0.0,0.1331115825255998,0.007888410320832581,0.020148439243813827,0.20878291306938931,0.0023900453597586547,0.11402563825526076,-0.0056112896891697414,0.05272583632129802,0.0244117079559647,0.0403053643401484,0.0427860119109628,0.7926395273617122,0.14594490008567146,-0.03973730683626196
0.0,-0.08137432451205437,0.0,0.0,0.12189966437902552,0.00844302969325189,0.021598931945174683,0.210185262930029,0.0029707038082343925,0.11852282806161828,-0.005616865819008815,0.05316760575187681,0.028063873074989233,0.04263371382811758,0.044018803382695156,0.7945594217199397,0.149363787399426,-0.03899815337498019
0.0,-0.08149596534885156,0.0,0.0,0.12460604875026364,0.009231294724639974,0.01891752985971107,0.21064033055404746,0.002876015427447926,0.11891003556917039,-0.005388095679992161,0.05185899672263867,0.030253945843644103,0.0430418543983651,0.04385256175908888,0.7908150268106299,0.14743695241977495,-0.037813215078135565
0.0,-0.0814259618498393,0.0,0.0,0.13004485907549387,0.00827469384813646,0.019276411308074618,0.2064536362445231,0.0028174177618109425,0.11576780187592693,-0.006142025344755075,0.05091308333992299,0.023870032080833416,0.042706759367333424,0.04201396644162651,0.7914228290826335,0.14122286458199215,-0.04067341519560275
0.0,-0.07824368206056428,0.0,0.0,0.12143281017112345,0.008384480383100315,0.020019647411567927,0.20823119923302977,0.001849586030998389,0.11810194448287008,-0.0055300558961559896,0.051555737688346856,0.02895366260595468,0.043279163302420334,0.04195696559169163,0.7908400351815155,0.1452278466834425,-0.04063829770475631
0.0,0.18340721691421807,0.0,0.0,0.13843128337281826,0.015100829477548906,0.014931122680244298,0.22751712701010884,0.0033194158513320873,0.14222925490580893,0.0006168524825732169,0.060965014710342796,0.029506171344514106,0.05724331005954635,0.05345476817093061,0.76797637560585,0.14885097672521547,-0.047247323070438135
0.0,0.1807623639394088,0.0,0.0,0.13078865241511006,0.008575184995363389,0.013780774005357963,0.22882472016760505,-0.0005840445898816763,0.14781756502175616,-0.0006633636461003766,0.06179985834749216,0.0291814308089306,0.05944784240034607,0.05375141775425025,0.7597842599079335,0.1547966827535342,-0.04798354196914131
0.0,-0.07980420833080731,0.0,0.0,0.1301639690757862,0.015073941650226732,0.018499524253030055,0.2113298811849225,0.000799435468039527,0.1257669913523349,-0.005374580989556343,0.05316736250572538,0.02882715614352674,0.04744325400219884,0.04348292185311471,0.7934617222048407,0.14457385589367971,-0.03834332213473075
0.0,-0.07998707101570567,0.0,0.0,0.12552067300310368,0.012799160986955382,0.02054697609385558,0.2115885540790203,0.0014380029273251941,0.1260256425016789,-0.005137120229563189,0.053622679557526816,0.0299121845212139,0.04707528121835625,0.04401311705546273,0.7885142377083509,0.14745281553214074,-0.03950713149281483
0.0,-0.07981700227489369,0.0,0.0,0.13033713005114533,0.012852114453943648,0.017563313684007043,0.21402035070351033,-0.001542594190467788,0.12724408449098737,-0.00372344001935363,0.05226611409856426,0.027861808633076107,0.04555811597269614,0.0432935650193347,0.788947129377179,0.14715023859797494,-0.03827509892225578
0.0,-0.07891370292979738,0.0,0.0,0.13207184520590268,0.00673650761411523,0.020140085279946467,0.210514636092141,0.00200561577006157,0.12648249711383167,-0.003032785615209712,0.053646628874614,0.02747417855857688,0.04589913170323158,0.0423780615474846,0.7809514794328811,0.14308718072887744,-0.039013266377624284
0.0,-0.07649769754085484,0.0,0.0,0.1272649157917758,0.009103075115600958,0.019443839917153337,0.2105359970798335,0.0010075051990004393,0.1294250236443832,-0.003020560999486186,0.05303137790784158,0.030169666773176458,0.04634386752210474,0.04239984099059097,0.7840600340923967,0.14473889212881344,-0.037909672494779334
0.0,0.18108685095554294,0.0,0.0,0.13726475120110082,0.010306863677095476,0.01568635373939803,0.22870345903683872,0.0019667366568615753,0.14920973786078465,0.003608016007875829,0.061092623002804845,0.03006192627347612,0.05926090417415436,0.05270489125520287,0.7614499258762641,0.1705500013467822,-0.04701719810889051
0.0,0.1791281976646031,0.0,0.0,0.14054960068242564,0.009314144033202834,0.015420917732047354,0.22943074894345297,0.002706097796686724,0.14694549217570632,0.003290564995783966,0.06421134163343252,0.02797563193102139,0.05978491807202971,0.048546049720852934,0.7572408349992262,0.149338681214957,-0.04882571544988532
0.0,-0.07798802143084442,0.0,0.0,0.1313928872477712,0.006782266075208492,0.02405561988511213,0.21343812443534965,0.0015393342653829136,0.12878577734709187,-0.002276651449911317,0.05658839044301829,0.026748603519339623,0.048639317987703934,0.03666263433492665,0.7797315137099329,0.1464787360323273,-0.03969635014243368
0.0,-0.07675884837804793,0.0,0.0,0.13180745788388815,0.007517320479582544,0.021126385715807876,0.2157736001134836,0.0019048930139073637,0.12996843423217522,-0.002316719666724121,0.0596706862578861,0.029746923144232475,0.04913594072906102,0.035987702465733955,0.780596255992792,0.1469823811137336,-0.0376262074577786
0.0,-0.07536877419884899,0.0,0.0,0.1240549128876451,0.008047284348122904,0.023034654058075917,0.21387231891692965,0.0019218140651029961,0.13144168531792275,-0.0018249899164999785,0.059971747034227016,0.03105746015731684,0.049479531405258154,0.03951629601201937,0.7788903612324195,0.14888954467965954,-0.03881307088570107
0.0,-0.07548917342259068,0.0,0.0,0.12373869892319082,0.009018918512464473,0.024383612455538325,0.21364332305076397,0.001896674831420962,0.13303639654257252,-0.002340528957582856,0.05598299263969031,0.030756620860403976,0.047727934328996406,0.03997883404782054,0.7818564251944685,0.14718182085529985,-0.03969845154383439
0.0,-0.07633419013083817,0.0,0.0,0.119218637467941,0.007873043096957886,0.02460246712842455,0.21343617996654005,0.0027959628325166,0.13261908971191186,-0.002885779671985968,0.05750274749463512,0.03183396382096843,0.04652200438523065,0.03912617296652027,0.7832559499088331,0.14807219815069478,-0.039373868333514084
0.0,0.17532989177510003,0.0,0.0,0.12772800507998444,0.009262793479976128,0.01536949343881163,0.23206005537315025,0.0040130867901121475,0.14772542334420116,9.927183956369922e-05,0.06988438754746694,0.03234910113605188,0.058412717527559874,0.051262156889863145,0.7582481666710215,0.15780305730615968,-0.047939784186561585
0.0,0.17981220442641557,0.0,0.0,0.1472752714847657,0.010943957716815821,0.021867954142540325,0.23720386358046044,0.0027063779850128493,0.14784024628586676,0.0009270759040806994,0.08227120143589611,0.030920506117086834,0.059167399214769635,0.05276555821215626,0.75425661123458,0.19127810740239629,-0.04485804674087227
0.0,-0.07692393615221262,0.0,0.0,0.12425931461491364,0.00903157210868667,0.02673188785847395,0.21436462444271553,0.0028492064758412015,0.13512409778902038,-0.002655448564870757,0.07948030961435819,0.028900367528210243,0.046378099439497555,0.04129452648860278,0.7749286377715613,0.16808868677921562,-0.037333546004023124
0.0,-0.07676847423037333,0.0,0.0,0.12346075901690966,0.00807244010075208,0.026088967527056462,0.2140253690837756,0.0038678470109214987,0.13248803885357438,-0.004204716311050021,0.08017834887437406,0.026318054850580662,0.04593293197510367,0.04244093293146941,0.7737198512532595,0.15465051593835416,-0.037327512735420024
0.0,-0.08070101206820236,0.0,0.0,0.1210078774343723,0.007786835535395643,0.0214360870110226,0.21444790074133613,0.00221147651067795,0.1321801208217361,-0.0030408070057232196,0.07981145077373313,0.028223009457325685,0.04662166647385286,0.04071778314060376,0.767964401007538,0.1750814634953308,-0.03603090471290368
0.0,-0.07852656644936658,0.0,0.0,0.12254663401144145,0.00809421141259695,0.024582493992796235,0.21242576481964645,0.003116655388311038,0.13083290986297466,-0.0058528661663033105,0.07464896778799071,0.025685537226265466,0.047386847867160985,0.0418939138899726,0.7738983512062989,0.1534462707836693,-0.03816694384022028
0.0,-0.0789120913867447,0.0,0.0,0.123451729799739,0.009803397449770932,0.021388892381400206,0.21168464018328095,0.0028855377223849675,0.12952941101224183,-0.0057328665756147005,0.07412260096077962,0.02637747281195838,0.04872485654625329,0.04017702979766341,0.7737597692492468,0.15124598711703277,-0.037645740476027034
0.0,0.180414317780284,0.0,0.0,0.13005270521258225,0.0074218207564149775,0.01617734063585644,0.23447836435617417,-0.004547729776180083,0.1522962966577522,0.0023199397107663555,0.08220504880316411,0.028445069485689308,0.05998619374150665,0.052561012810092525,0.7514202203071991,0.1623102753386893,-0.045623944255452596
0.0,0.18455996462707774,0.0,0.0,0.14677206471859738,0.009285627941202678,0.020847040905730665,0.23648463755848184,0.00355040813871682,0.1528847237893692,0.0017646645725579112,0.08214533946610575,0.026451540464749897,0.0613537788310897,0.05366139730500377,0.7579004346429856,0.15909018098073688,-0.046997494859465486
0.0,-0.07964823193487124,0.0,0.0,0.13188254822799583,0.007835953757905965,0.02015368507779527,0.21263185539222063,0.003445878025849657,0.12631346172955646,-0.004651991535887944,0.07622115603557356,0.024522056739437866,0.04715254476504698,0.04091252232108495,0.7717575205951106,0.14757934752833643,-0.036379005042228185
0.0,-0.07952235945763611,0.0,0.0,0.12618013423832602,0.010536104784193548,0.020107182754632098,0.2121537909413631,0.0024846395004768334,0.12895560296601086,-0.006178481273806488,0.0735072869339257,0.02732236126313077,0.047664807622166586,0.04190159933409251,0.7762743226984836,0.14948641005616495,-0.03773218641962875
0.0,-0.07942612137297379,0.0,0.0,0.12571890366633548,0.007006864741137669,0.02051619040922688,0.21180368715812764,0.0030209387364811026,0.12836584430336637,-0.005646137423930042,0.074115210321842,0.02743779521330865,0.04719755168793965,0.041095066826394896,0.7763109427857839,0.1488205696079345,-0.036914221019321625
0.0,-0.07937668426312322,0.0,0.0,0.11482297402910113,0.012312802071877831,0.019031618025594593,0.2107613554671679,0.0016854017046848556,0.12811645344433345,-0.004373101332457974,0.06038397595159635,0.030444304482667973,0.04761136725651807,0.041876246609188726,0.7854014104730169,0.1565177877230269,-0.03741026340992398
0.0,-0.08054243043228092,0.0,0.0,0.1224930953099037,0.008483578678336044,0.01988493710615568,0.21210080016275373,0.002816111867957485,0.12350583708414999,-0.0032872081837978817,0.06220610446449137,0.03149954232216741,0.04561450833230749,0.04049694916979744,0.7860199634970709,0.15292514491152145,-0.03782756427921875
0.0,0.1853293375300362,0.0,0.0,0.12620363704416843,0.013030422016055462,0.014732700536509987,0.23832588575332916,0.0007179098546208255,0.1514363912924057,0.0020723458510396604,0.06498471070773484,0.0335024262138461,0.05893187603175293,0.05400281211669719,0.7620444523345098,0.20557735099700064,-0.048683042189365505
0.0,0.1900416621253956,0.0,0.0,0.14525420366129219,0.014515385263031874,0.014494450727183649,0.2399427706122471,0.0014044417945781743,0.1587965097242183,0.001335574042562486,0.06480337620047208,0.02999660789600363,0.06298757708793072,0.05621993198326223,0.7676070210134534,0.20485054027617047,-0.04728655963405052
0.0,-0.08066974348485012,0.0,0.0,0.12800946855276019,0.006974840785672435,0.020632287305470287,0.21243890584526778,0.002659306750894456,0.12351144662494197,-0.005911503754742547,0.06058323650161947,0.026683054679076827,0.047315048817850786,0.040432885597190445,0.7781372552187482,0.14747321382665932,-0.038686276340022585
0.0,-0.07977274596829034,0.0,0.0,0.11347735263434801,0.007657318062993414,0.02001653772944366,0.21079489969139936,0.0027880345032985357,0.12667734634001573,-0.005015543976868097,0.0581220039849009,0.029999715653560147,0.04763731917625972,0.0423065426077628,0.7800611366057738,0.15851321150164943,-0.03789176957391273
0.0,-0.07863831284673499,0.0,0.0,0.12062890022406826,0.007539051237794727,0.02017718829544411,0.2124879950013615,0.0020768828662974708,0.12645484850171032,-0.005855569370437711,0.05310375561110869,0.029587677294235816,0.052093492006528214,0.04459287111071781,0.785692408560163,0.15026111392532712,-0.03947603188466195
0.0,-0.0803997648188087,0.0,0.0,0.12216176497427061,0.009321940511380734,0.020377828211632896,0.2106715993367735,0.0012863711623444904,0.12600987999773847,-0.005712337418313114,0.05348820295334292,0.02706211492904996,0.048242318887548735,0.04380979397093335,0.78523275370639,0.14849856604146383,-0.037514101739852854
0.0,-0.08128683901513103,0.0,0.0,0.12145150074880229,0.008956756184713307,0.02054306479188205,0.20774282601948885,0.001457163941036928,0.12578755137794292,-0.005110756046233418,0.049613718814881906,0.028031241254411615,0.04807060926941331,0.04387102640384547,0.7933420597895229,0.15800879296291606,-0.040157937364162524
0.0,0.18719692643929492,0.0,0.0,0.12916707625872148,0.013329081386905833,0.017162042956574773,0.24016465357396094,0.0006666875281275516,0.15032072885745676,0.002318861780651383,0.06116879899983876,0.03242344077402941,0.05937299880973191,0.0577789314008641,0.7754613397843548,0.20256174301581104,-0.048109667834240734
0.0,0.19228582560762134,0.0,0.0,0.14666771722444796,0.012432280751829195,0.015190822713265977,0.24055429442544798,0.003695747467997154,0.15376905828518503,0.0013901234543243837,0.06369671988295449,0.030544277392110682,0.06118171418897658,0.05715000516159496,0.7755123742010263,0.18828515434663198,-0.046485302691465676
0.0,-0.07983681213091869,0.0,0.0,0.13395099082489034,0.013039016163777999,0.021733090888194046,0.21333439558005793,0.002371358500262337,0.1271690638518139,-0.005887797903128346,0.05405573543666914,0.02808048778571299,0.04855438559433294,0.04148962599340454,0.7911459731889676,0.1476083637817009,-0.0403530012917733
0.0,-0.07982504739208597,0.0,0.0,0.1209164452267382,0.0071130077678385195,0.019711946942902427,0.21169536902027425,0.0020876948357809746,0.12361049410846574,-0.00508921066717899,0.053091381484248294,0.03065273039606497,0.046674195027526545,0.04243020602270088,0.7811829631747975,0.14937162005390592,-0.03995349450902459
0.0,-0.08094821998122746,0.0,0.0,0.12178008671544398,0.008090511103857835,0.019077816859535475,0.21119412268801274,0.0021431844880337083,0.12739472073023997,-0.004787066786242764,0.051099137624370544,0.028793309596064895,0.04687072739198388,0.04431245498107555,0.791507139794147,0.15051611789021396,-0.039726422256388075
0.0,-0.08148481713958655,0.0,0.0,0.12936116697144265,0.006943785511911088,0.022650935477181607,0.21033831731546146,0.0020391184688592122,0.12305792677646894,-0.005704075257116686,0.052161952384342306,0.0236594650452759,0.04597798020898114,0.04293119287868958,0.7903236304933268,0.14444427464303886,-0.03870886773895049
0.0,-0.07932688942637509,0.0,0.0,0.11791761566958843,0.008429651667189805,0.0202907712757864,0.21246437223495548,0.0024822788848842103,0.12562550178578355,-0.004816573173300895,0.05184281776359096,0.030664346954441188,0.04577128213755862,0.04295649937259693,0.7917514026609686,0.1534361157204252,-0.04000738657115792
0.0,0.18484358124289305,0.0,0.0,0.1309001418254835,0.014302365961012063,0.016473936701587876,0.2369951637348684,0.0038974176739680743,0.14651934020622828,0.0008046983907376903,0.06441492889627454,0.03173266362450845,0.05713061758159676,0.055600032127430185,0.7711133178872046,0.16014153403231288,-0.048910003517233
0.0,0.18495159353440585,0.0,0.0,0.12826168015767261,0.011053289447540643,0.01621803714110611,0.2380844209802549,0.003737496307752054,0.15343965641090604,0.001526754031079694,0.06449395286903012,0.03184587608466482,0.0625188065899486,0.056269818157146795,0.7700207765512623,0.154218267050747,-0.04761041100039147
0.0,-0.08197103775618585,0.0,0.0,0.13212423375689214,0.008215221727295352,0.018567466088837425,0.21256231815590643,0.0018487456903610356,0.1261075330891688,-0.003512445595234631,0.05188923317370435,0.0271009507609234,0.04661285422715628,0.04478425040412633,0.7949454951884563,0.14863668013710826,-0.038173839686669486
0.0,-0.08006348997754237,0.0,0.0,0.13147038992993115,0.007042148452474757,0.017470998389846663,0.2113381319657158,0.001979635482374845,0.123743031683321,-0.004080351650680857,0.05348828179009196,0.027477630016629374,0.046872566535902514,0.04383379121160585,0.7831003346460819,0.15140683216463263,-0.03843931305142824
0.0,-0.08306162454609947,0.0,0.0,0.12202926943218799,0.008742375119074048,0.01865346410822511,0.21480555914245258,-0.0002900177294371004,0.13065572848143467,-0.0012739122063895772,0.05277009140272603,0.029518815639860464,0.0479100113505352,0.04750812620450651,0.7873366766015193,0.19836315428574736,-0.03828705838836879
0.0,-0.08119967343998453,0.0,0.0,0.12427133171004219,0.007521438204348375,0.02238268731383579,0.21193211736403098,0.00028585656458729436,0.12764201191288507,-0.002191333821373889,0.051162601057076616,0.028942047504421906,0.04744491133312722,0.043340128380746586,0.7880362243181911,0.16419498719576567,-0.039823897808654224
0.0,-0.08115333137028115,0.0,0.0,0.11978488909747045,0.009300855140987479,0.019450547302280997,0.2100830008878326,0.0016583967219915435,0.12514218740758784,-0.001962646039047535,0.05089405776225541,0.029114198038377566,0.0468679563275319,0.04467794449730187,0.7935763789810882,0.158840043229355,-0.039732203281955966
0.0,0.1868173875717256,0.0,0.0,0.1274497755369981,0.01398514266830152,0.01279648729223052,0.24063460973317222,0.0015913384535659787,0.15027878277308696,0.003948225589449011,0.06215326704443804,0.032956521020875845,0.05741017036963037,0.05984410540695384,0.7733610346000291,0.20617829970011314,-0.047417375338706186
0.0,0.184854673472241,0.0,0.0,0.11320115984451845,0.014168511835125434,0.015962545539195398,0.2400867757236035,7.906367583530216e-06,0.14802307811828921,0.0019754685368362293,0.05871408027158981,0.03161006013082558,0.060925493107880764,0.0614652869870075,0.7709405220084372,0.20678319675549783,-0.04747662484791352
0.0,-0.08351870046549303,0.0,0.0,0.11970674793082368,0.010451252492036437,0.022283131684986395,0.21134324782178077,0.000674311976413394,0.12418470805626074,-0.0001276511306877974,0.049488381469694386,0.02937645818431714,0.0494785093227649,0.046089872868022706,0.7994869445767395,0.19875477101716113,-0.04062140905243494
0.0,-0.08323331936352935,0.0,0.0,0.12126294000161512,0.0152666033226223,0.02065621041644203,0.21554483576050296,3.6385273166327955e-05,0.12640399767070734,-0.0016575177856409922,0.048426456676045275,0.02879776329614883,0.050106432931967135,0.04653924460555101,0.7907817216752409,0.20732389638630375,-0.0418867465233273
0.0,-0.0827417084788599,0.0,0.0,0.12204670731151178,0.008249971372225485,0.02042381713551512,0.21221361277192577,0.00152570303848802,0.12022757011010261,-0.0030409748827061834,0.04426073098686842,0.030101174828574145,0.047397465224884604,0.044836457042493186,0.7907250521757403,0.170590070684262,-0.037902054800676405
0.0,-0.08197309888019007,0.0,0.0,0.12042099763906428,0.0105945113177359,0.019926170669940024,0.21063837606375113,0.0004611530320387453,0.12390535907650664,-0.0009230791392322757,0.04372809103200269,0.027853060451488006,0.046946409377889325,0.04776426244494521,0.7994144105221747,0.19735279041616507,-0.039762158992426556
0.0,-0.08383061265845133,0.0,0.0,0.1209720990276831,0.009853516563436847,0.020569116474575117,0.21072760150101097,0.0004076813673847535,0.12296348320366436,-0.0008703834863961441,0.04303969598695608,0.02882264582522875,0.046718423519941835,0.047232926638740305,0.7968591907695055,0.19881148437062343,-0.03975700135122329
0.0,0.1857048751899411,0.0,0.0,0.12805641586383398,0.012080859960309956,0.01589247044449096,0.23965653107035462,-0.0015078211064053833,0.15195347556100056,0.0051541147791378675,0.05637839914468706,0.0322849399617673,0.06166703122877385,0.05768951081188737,0.7735776615961741,0.21040146612881544,-0.048970384987495494
0.0,0.18268959412653266,0.0,0.0,0.12760165262247083,0.012743669329467716,0.012688784068641455,0.23906237233483904,-0.0011782673083070257,0.15262080027454497,0.005221505861007061,0.05305630523070876,0.03286942069933028,0.0616181995263457,0.05821541884368629,0.7762682145759362,0.2053645835873072,-0.048491325076283086
0.0,-0.08208426865939139,0.0,0.0,0.12676208210156156,0.009441928817143733,0.01840505351254909,0.21097545294453532,0.001774450574267007,0.12406522879810071,-0.0005331532480142464,0.044508015494705955,0.0287200984941496,0.05165971801149866,0.04553784309836048,0.7939606199277311,0.1680768315597588,-0.03688449275960985
0.0,-0.0796845780025551,0.0,0.0,0.12218347992395744,0.013104790812356252,0.02149290017980479,0.21243216714836594,0.0027957332722973707,0.12847972045665554,-0.0007177962458134788,0.04569031163949375,0.030490826166805565,0.05040494231137648,0.04566352366058481,0.7908068008415056,0.15993191963099063,-0.03700149632001784
0.0,-0.07973571163066777,0.0,0.0,0.11156067050111386,0.012174639763458348,0.020172539700696195,0.20796341870519866,0.0020481175782871472,0.12606167126894144,-0.00040933003503907647,0.0361526810300643,0.027528754044847795,0.051581997214472,0.04780354040918528,0.7909192256389375,0.16301807218104822,-0.03608094952402815
0.0,-0.07990713820450068,0.0,0.0,0.11030933651449029,0.011984689872626048,0.01741472822329009,0.21013567665456986,0.0008956909094215217,0.12199414111160613,-0.001476313233436203,0.03109793860186178,0.026488889250891462,0.051850393054381924,0.048974558263879135,0.7969776858441392,0.17810371575641676,-0.03701333646737034
0.0,-0.08186994916885297,0.0,0.0,0.12055139652853072,0.012049564979734152,0.019542344460295704,0.2106326093983979,0.001003279907883528,0.13040246724165214,-0.002068027480869221,0.0317817104110502,0.025656585314498288,0.052183498893301865,0.04958998377518743,0.8017768355562804,0.203453291560441,-0.038452390033340014
0.0,0.1840041510149129,0.0,0.0,0.12473002661785024,0.012879128971078402,0.014733045881315639,0.2388114072989946,0.00047353149874723114,0.15742471645800246,0.0037291087140456846,0.04217274096716706,0.030153244990099855,0.0630535111502875,0.05871938965207676,0.7766098682782413,0.20580374854982886,-0.046406641444545954
0.0,0.18092620661002268,0.0,0.0,0.1243589154899763,0.014212531368633322,0.011839841624808438,0.22917012362704245,-0.002123544037795265,0.1552815170693644,0.003152019801912536,0.04043568039879896,0.02858461530472457,0.060824897064618196,0.06090402855560829,0.7728847867947356,0.20821264004564785,-0.047154195556839945
0.0,-0.08221537040322933,0.0,0.0,0.11626963579534931,0.009835063070420346,0.020775140910012292,0.20809637055139826,0.0006603197964512875,0.12328729978711366,-0.0015715450874014872,0.030459799121609562,0.02737056336987698,0.05105479719543408,0.05107458167122405,0.7968806070031468,0.2025796885054191,-0.03827117313313743
0.0,-0.0821337493238985,0.0,0.0,0.11537171490363608,0.010789026318879666,0.02241275596219619,0.2110646251384026,0.0006744140465931155,0.1243184507330685,-0.0007937811808070009,0.031182140650178648,0.027344613411703984,0.052307113230309024,0.04928488479630718,0.7970920869760015,0.20339918847698502,-0.03724041401375994
0.0,-0.08327367894407764,0.0,0.0,0.12031577549211633,0.010882049427955757,0.020133119474170697,0.20837416120703534,-0.0030592686562312837,0.11896113509115046,-0.0033267202013775024,0.029182530248732515,0.02911072922086526,0.05227313292295066,0.047449439100523495,0.7871893974602521,0.17695838154889365,-0.03578813331890247
0.0,-0.08150478452924816,0.0,0.0,0.11943945189975566,0.012534548063963915,0.02042230869056198,0.2062424871845588,0.0016682288464562325,0.11934838988646938,-0.0031749202857231018,0.030225901580380906,0.02560141173594202,0.05179790737135569,0.04734978515139378,0.7878286379109775,0.15607542519993106,-0.036667041592076045
0.0,-0.08095942157592559,0.0,0.0,0.12726090762495695,0.007982784370759033,0.018394796977985517,0.2065433943059299,0.0009060584753751549,0.12457539282438561,-0.0027809227775120807,0.03107337291896795,0.02506515098940706,0.05208880737524986,0.04620382879721255,0.7898016393749198,0.15162670938527217,-0.03759922273957441
0.0,0.18611403971957338,0.0,0.0,0.10951344735330236,0.014477567383318984,0.013180833594759371,0.23726503928517478,0.0028817911355847607,0.1439064615004446,0.002414493321896937,0.03905698102193159,0.027990019585238897,0.06353978954373314,0.06014112819593335,0.7697409741617698,0.1592082029469309,-0.04425591437540483
0.0,0.18260514160985847,0.0,0.0,0.10933744913870456,0.013341272684199606,0.01085885347118447,0.23716253915425967,0.002539569968259705,0.14326272517609231,0.002663038220164848,0.040874677231088036,0.02912332150643859,0.06401672959557295,0.0605696078493629,0.7688971028157396,0.15804291051320282,-0.0443084556031138
0.0,-0.07885486320179141,0.0,0.0,0.10705014620745643,0.013410846592706333,0.01850168171727906,0.2094311815416878,0.0017018742888928002,0.12079589657939312,-0.0008375422155191796,0.03268547319719825,0.02724308306795089,0.05201057814204958,0.05078690284394298,0.7897427413933222,0.15941193050936484,-0.035727942383239855
0.0,-0.0768994883231134,0.0,0.0,0.10667157342243162,0.008442601414698839,0.01778541398689877,0.20456732868605207,0.0016797256077401867,0.119786628811352,-0.0007345242198851441,0.03350094530164525,0.026557585710555123,0.05077573959462345,0.05261557669284563,0.7888359100431395,0.16467070410204548,-0.036686766354275424
0.0,-0.0707770072497744,0.0,0.0,0.10646352988689127,0.01197216738130552,0.018899776800157038,0.2152487975059275,0.0006028490184623896,0.10271562085479431,0.0003444714153180202,0.035114828058597905,0.033152928570526936,0.051437421840915314,0.05147649922524115,0.7919669880384044,0.18007787940943193,-0.036655074061100225
0.0,-0.07292584314115941,0.0,0.0,0.11668943766985193,0.011830289553464171,0.02125995503852032,0.20141136874713877,-0.003268968774451674,0.10575155036900837,0.0012198185844440007,0.0352297725951725,0.03193051328579452,0.0544599482129419,0.05141904706665116,0.7892125016063405,0.20549449737438405,-0.0349773288866487
0.0,-0.07308828631820229,0.0,0.0,0.1173713220172078,0.010823359943077293,0.020854639895993392,0.20345287181534996,-0.0003361652105122959,0.10428119406771037,0.00013885800054157991,0.03652358190213059,0.028223527483259202,0.055624528061011494,0.051272483933297947,0.7986344926027688,0.20189904517863144,-0.037679547309154765
0.0,0.16734005851498504,0.0,0.0,0.1227968387428409,0.01694781745497794,0.014317092368869331,0.22626857212923812,-0.001658361028278612,0.11681555710837759,0.0049576628510219324,0.04334797434360026,0.030713408576223247,0.07187554337681346,0.05979625559069513,0.7783107546657643,0.20710054861803753,-0.046866667139086014
0.0,0.16863201359941832,0.0,0.0,0.10605255490242851,0.015016158195773724,0.013432413219032612,0.2233077949691115,-0.0015695223313622975,0.10647764893019866,0.004356213893090307,0.04384669741241576,0.03136366497948686,0.0722142475492605,0.0605713855180955,0.7785582211713061,0.1944644119234468,-0.04635880195993355
0.0,-0.07128613284598778,0.0,0.0,0.10653291063568919,0.008592666892348522,0.020009263902512692,0.20534125862105573,-0.0011077253139709913,0.018885914608184375,-0.002700015284198358,0.03332738897536258,0.02559938125855421,0.061356955969112045,0.04530278118656754,0.7980635054657724,0.1457796757879542,-0.03526363749061952
0.0,-0.06826124755483218,0.0,0.0,0.09899034302583552,0.009060817068634762,0.017999457475875617,0.20498854924172313,-0.004498694262924578,0.012632445268935035,-0.0020763180734222455,0.03336259829311433,0.023996291056508565,0.05934720495500773,0.04568315215488222,0.7925510220721382,0.15068139078656007,-0.03412863436714442
0.0,-0.06855933616526565,0.0,0.0,0.09969360981178063,0.011105776200477206,0.01984335870235353,0.20278838688646386,-0.0027148676768359316,0.011836203837608193,-0.0031525260208982624,0.033069587541464524,0.02373029221023519,0.05893870260943895,0.045237285047947,0.7877153786041015,0.14986736365173736,-0.03266541643758106
0.0,-0.06739555861855369,0.0,0.0,0.09877600188524818,0.011717610502841907,0.01682983435739568,0.20699986759486044,-0.0026204811254955545,0.013867473427513238,-0.002926014073656677,0.032023887583410966,0.025084086143509432,0.05906225827082095,0.04483773425167366,0.7922340415926814,0.1518685169469187,-0.0332346442631057
0.0,-0.06752011143742974,0.0,0.0,0.10085422490344528,0.010992950084494489,0.0146914941332453,0.1898837539806627,-0.002119606535761319,0.014595001618099943,-0.003707739990873774,0.030964790694146593,0.024087477310542234,0.05783252155068465,0.04476966970478036,0.792580482069826,0.14928423656160372,-0.03245685319317808
0.0,0.16043707134867033,0.0,0.0,0.10270265881432952,0.013728896542688005,0.007057397623539653,0.18917910300887036,0.00034357469883293165,0.01101579811152809,-0.00044417900408495894,0.04698670100019179,0.0327832934355105,0.07103294994019674,0.05651664106694687,0.7810178366553899,0.145438558489417,-0.03613100713446563
0.0,0.1582258537333451,0.0,0.0,0.10234797381571069,0.013113806669502978,0.009142788115075814,0.17701975443083276,-0.0036584541484543137,0.011196577079999605,0.0009903530842430403,0.0433839987769791,0.032182200914822906,0.06868971328033156,0.054287540715929256,0.7781932485525691,0.14598787504012284,-0.03588731092090666
0.0,-0.06968650264025074,0.0,0.0,0.0993954440662143,0.008792482432533584,0.01851787540962181,0.16223493709276332,-0.002434735901838103,0.012787874032959473,-0.0028365609854130946,0.030430272664304873,0.026838750740782145,0.05419541623888957,0.04643502334533073,0.7958325251832161,0.1520804336047455,-0.031126953754564122
0.0,-0.07088319942030569,0.0,0.0,0.09800500629513338,0.008503967371634882,0.020475462188295473,0.1473176268550098,-0.004085867109659374,0.011297996614956094,-0.0022108830781680435,0.030545100920169325,0.02489463885976656,0.05271940494212278,0.047074166182933544,0.7894886406148958,0.148197092304182,-0.032411457632460644
0.0,-0.07028988030258314,0.0,0.0,0.09618752799591067,0.008101315832081618,0.019962823483320822,0.13366408259617243,-0.007295637727535524,0.008846261027401488,-0.005369836899092304,0.03263880141344851,0.019999504854316126,0.05140612428933988,0.046215062324922306,0.7863106719697976,0.14621436208638636,-0.031449840297434445
0.0,-0.07021179082017812,0.0,0.0,0.09607119564121733,0.010859770840213667,0.017858933981526198,0.1327849145610217,-0.007084932207307163,0.001660282992078393,-0.006011198215621378,0.026509445036074938,0.018440951585234226,0.04824629821151162,0.04545796146557431,0.7810703470903693,0.14283331413724615,-0.03231094658674451
0.0,-0.06853789807300056,0.0,0.0,0.09791104912581872,0.00833280128787757,0.019705919936403228,0.1351990392947041,-0.007007360868753855,-0.0023601968255984995,-0.00571122001556306,0.024626473444464825,0.018114777962959697,0.05251624858929247,0.046030916621498996,0.7806503412735486,0.14441161909061914,-0.032703457493496436
0.0,0.15841767718396008,0.0,0.0,0.0995224018723803,0.012071834679625235,0.010785870046666693,0.15508972018879033,-0.00860373813953763,-0.008601911086850393,-0.0002364317493426706,0.03661662973739557,0.027611317605565098,0.06848851914071273,0.05206778565937336,0.7715414535471846,0.13946137861744956,-0.03617555582682287
0.0,0.15340284562230863,0.0,0.0,0.10134756565437332,0.007756660798408746,0.011094452298030454,0.1518369233215794,-0.008910016693839366,-0.008261604990438664,0.00026587575069348356,0.038241876045149004,0.026836576327109455,0.06879114271919147,0.05107292669906901,0.7730228468328161,0.14072624497232405,-0.03575243313062095
0.0,-0.06923620438368172,0.0,0.0,0.10019769938229318,0.01083108448830058,0.018743338527664577,0.12667734860268717,-0.006197562755033415,0.001599136453397634,-0.002697982016400793,0.03932717320051666,0.014335489838619792,0.055217014701778235,0.04771379856917507,0.7830167908416873,0.14027489459052866,-0.030509844853082384
0.0,-0.07116404414402643,0.0,0.0,0.09892461870361842,0.008786981380183767,0.01059394586981708,0.12365716349022698,-0.00649101902104004,0.0029283788340250926,-0.002797759252147481,0.0396121616989782,0.01509101798270904,0.054743715746846236,0.046642141024503106,0.7793140596357645,0.13810900582544083,-0.030897811756254175
0.0,-0.07008662787004792,0.0,0.0,0.09951402584554157,0.008666047842022115,0.013132774374468002,0.12491185423192992,-0.0065476135146003145,0.0029552968226347225,-0.00282066272650549,0.038926632518655996,0.015046154845406978,0.05389589077816401,0.04659599934197624,0.7791106028591284,0.13820798416904775,-0.030773896200694408
0.0,-0.07046766945566327,0.0,0.0,0.10082943237225712,0.008664274975744225,0.010637984649189722,0.12389443114722871,-0.006647561780863349,0.0026637491263541593,-0.002815884245266519,0.03999461091659976,0.014959185366650725,0.052640111474378824,0.04651151668084497,0.7790580536326821,0.13716236332969,-0.03089548751301071
0.0,-0.06870170357682241,0.0,0.0,0.10297854719860337,0.008362003776614526,0.01814135842333446,0.12621035875057762,-0.0063613572049650655,0.0033149679001862643,-0.0024518002062067497,0.039609285076377704,0.014723819042132267,0.05377820866844837,0.04654150234069245,0.781146011141068,0.13830774848363833,-0.030767065132371145
0.0,0.15623466073201114,0.0,0.0,0.10474854733827993,0.011507358685166235,0.009605277240950281,0.15160385203168883,-0.008097137220954636,-0.0013628128866532791,0.0014526770654112516,0.0461838637720652,0.023853352128682462,0.06727584621620224,0.05424821800069052,0.7708674742062165,0.13341438886302126,-0.034632522003039
0.0,0.1560175761919682,0.0,0.0,0.10663441055293049,0.011341058401353991,0.010535977705561632,0.15222868075571816,-0.00783107053238395,-0.0007842915738194178,0.0015479504590952058,0.0482852950167727,0.02294752913051893,0.06787773299868553,0.05463553364757345,0.7718905960194922,0.14214302121489159,-0.035066469319587186
0.0,-0.06967817684658996,0.0,0.0,0.11022740018264515,0.008791967062163938,0.02125452920388403,0.14797709530734146,-0.0002444106891709007,0.0010869517025051242,-0.005324463005190824,0.037528629840096396,0.02036622936577535,0.0535780348356107,0.04740714540539824,0.7793113398006123,0.14121374164920894,-0.032091615390272714
0.0,-0.06867490915397341,0.0,0.0,0.10999368850900133,0.00884504227957712,0.015643127862004842,0.15549460642206195,2.1150268283970085e-05,-0.004027067811213888,-0.0076961646249263235,0.038236334911048525,0.022555836279115424,0.05451556536239159,0.04706930316631268,0.7816494897508478,0.13909458820035686,-0.032134007318708274
0.0,-0.0670845115735691,0.0,0.0,0.10866020479103469,0.00828593385748091,0.01890804825815659,0.17351973025686385,0.0006633890077968639,-0.0017516737909434616,-0.005688111328964717,0.038540426780657715,0.02416610584349792,0.055161817778051424,0.049503762789043684,0.7866636566068796,0.11761469632704905,-0.03309279279116833
0.0,-0.06586951413954427,0.0,0.0,0.11344054505571387,0.00968545451480312,0.0159350002950058,0.2041328095477402,0.0003912822661657565,0.008024349782150202,-0.004677569981965605,0.039264162084966345,0.026343637309838394,0.055199640901124385,0.04856650852671696,0.7949679856134148,0.11812520469476821,-0.0331834290626474
0.0,-0.07009710193957032,0.0,0.0,0.11332769454356494,0.009678677404616755,0.01614513533701527,0.2032165663715229,-6.208353918858237e-05,0.013265065001811327,-0.0040731083516924995,0.03739641116377308,0.027963037964452486,0.054940325424925864,0.04774310039265144,0.7977977711890167,0.11662238321938448,-0.033093077909261456
0.0,0.16310338649999281,0.0,0.0,0.11519336940455713,0.01366556343634945,0.008147200359631143,0.225462931289485,-0.003487408366017761,0.011485594602288363,0.00028988707259107596,0.04833715369461943,0.02892725746739441,0.06581107253851755,0.051029281965451916,0.7834897213441804,0.11413736949573647,-0.03681764799058318
0.0,0.1651369941458323,0.0,0.0,0.11596434211053193,0.015038701991010843,0.006650602781536886,0.22403991476102364,-0.005646751192416476,0.011592995425959724,0.00013396118809857278,0.048341505893784796,0.031740230766366166,0.06216661118245824,0.05237880303818758,0.7893243263759331,0.11980698041298975,-0.0371413235037496
0.0,-0.07269682717290689,0.0,0.0,0.10944658932220745,0.010683894343404025,0.0046311402870137935,0.19487710350839257,-0.005058011209022048,0.009359741980420312,-0.0064046251811839235,0.036257380568495395,0.028883870383675934,0.05184447768517508,0.04460087272723434,0.7936229715719868,0.1473583271649602,-0.035512404048483354
0.0,-0.07238824455896298,0.0,0.0,0.10235423118321912,0.010557093459523381,0.002292792811109973,0.19846088384693786,-3.791574261160365e-05,0.012780344839029626,-0.004353761149908692,0.03670042284677822,0.028724031189351955,0.052577536684325486,0.04399461301786085,0.795306950805339,0.14878645666162157,-0.03468326206418959
0.0,-0.07455278522443691,0.0,0.0,0.10326109464968324,0.009887943741461722,0.002511454750071625,0.2015210168844335,0.0008044177790687118,0.013625815775784308,-0.002782149494146198,0.03486218555756781,0.029366821154026307,0.05362917760947611,0.04455940613923431,0.7967103143844056,0.14974008165718655,-0.036169123215467266
0.0,-0.07439190370872303,0.0,0.0,0.10493070047571834,0.010325875656886968,0.007050913166537092,0.2025661416564678,0.0010632265407347111,0.0897563315339354,-8.860603377103843e-05,0.033961692463239754,0.031497598481997374,0.05178555174735169,0.04877052529797467,0.8024092775218408,0.15305359006582883,-0.038997180733869874
0.0,-0.0745304005778791,0.0,0.0,0.10576415938870498,0.011236571809059251,0.008282135604618093,0.20509969434280514,0.0005814628465243983,0.10521940316025179,-0.0005705415788702981,0.032927322342025826,0.03060995670225461,0.05119065924111678,0.05221591471811936,0.8025961000249308,0.20384384423936175,-0.04015175762857272
0.0,0.19776812973318547,0.0,0.0,0.1435392716007063,0.01592684501550155,0.009635891748823216,0.2346205902421723,0.004567046367335355,0.15284417799289066,0.004933773220629041,0.04519650106927185,0.03461456431222409,0.06559773425744493,0.0581007089542796,0.7967617802905516,0.17626076637062707,-0.04765874728078031
0.0,0.19468483867307185,0.0,0.0,0.1268723142904612,0.015024460604013839,0.009584804176631058,0.2313259345878425,0.006451432348488113,0.1552527829393369,0.005124706757732195,0.05053745905335782,0.035199716201617194,0.06442368933561342,0.05663665608404217,0.7942893864862031,0.1550455726477044,-0.047137950340507655
0.0,-0.08563702678092432,0.0,0.0,0.1295680622739832,0.0056380457999847975,0.010964744336562554,0.20058702670292505,0.004858553340339346,0.1293803101418797,-0.004994567635644047,0.03470897483904225,0.032075274308567756,0.052103792648708624,0.04713123479136674,0.8133346646482602,0.14356234951172528,-0.03980632933159716
0.0,-0.08474559230546173,0.0,0.0,0.11999557551601357,0.005793955820960118,0.01191852890619953,0.20333661973358105,0.004274960813200705,0.12576001433143694,-0.004771074253447412,0.031364472207451435,0.03560729640848954,0.051926612054299874,0.04730326515142737,0.8103905519679657,0.1431563531072537,-0.04058173881742561
0.0,-0.08346034575355198,0.0,0.0,0.1205707194679732,0.006066241301152369,0.012405648994419666,0.20437243712603934,0.00387113295635333,0.12618456452403168,-0.00494367311263262,0.03394217724188164,0.035809660097180535,0.05230149591252918,0.04727871079526516,0.8122062855804493,0.1424663514998899,-0.042585747248266255
0.0,-0.08249652670208983,0.0,0.0,0.1284630313158176,0.005245985664768557,0.011994493896669638,0.2006660549219844,0.0026697555019633223,0.1223453606682519,-0.00542780760742351,0.0368138067445788,0.03479181644145227,0.053525873453787204,0.046660740462700155,0.8121333018947041,0.13767741926604035,-0.04037866627201946
0.0,-0.08208724519487169,0.0,0.0,0.12024534711643178,0.005776802310192046,0.012435911208640177,0.2026010382235014,-0.0016542854292487337,0.122411743062062,-0.005601128339810079,0.03649417426227906,0.03567516339221224,0.05185738711492546,0.046852719237700076,0.8100140679755764,0.13930576081603988,-0.041107851188267715
0.0,0.1831421275886879,0.0,0.0,0.12891301593501694,0.012711752006080884,0.009193425585851638,0.2289620910286101,-0.002014111695555592,0.14746717989603272,0.0009599693827656222,0.046282200558476365,0.03613141186188068,0.06467259522297848,0.054225954571151404,0.7879198175463948,0.15371495545684577,-0.04999151608281146
0.0,0.18552116434254098,0.0,0.0,0.13786845828060482,0.012329598041850704,0.009656348697339535,0.23054839417999476,-0.0015001112919030824,0.14394036755574788,0.0013983895665304433,0.046111719833819724,0.03231304173195299,0.06440943378619673,0.054040000962376995,0.7848748603509401,0.14575101193960663,-0.04906041573826454
0.0,-0.08037830367911974,0.0,0.0,0.12442261552172312,0.013479403135968352,0.011286366021215086,0.21335028274741547,0.0017611079300590418,0.13333629623441381,-0.0034614551286602834,0.033316292000810446,0.03418132177270873,0.05934458026742611,0.047525169436494284,0.8083350795949265,0.14233875943676927,-0.04116095888066806
0.0,-0.08073540908881327,0.0,0.0,0.1226912638090666,0.011689554679291132,0.010629860420404447,0.2115986977695663,0.000702655820757758,0.13123610293422502,-0.004042113689536826,0.03183939337008168,0.0332830052620908,0.05840075810916056,0.04711998978436024,0.802703113447974,0.14179943371142534,-0.04105524769075062
0.0,-0.07886855601986814,0.0,0.0,0.12241453327542179,0.008397318508922327,0.022362492551321646,0.21259840234153504,0.00018989814066214396,0.12930227499055078,-0.001273147877593911,0.03396822232391028,0.03146767764511359,0.058154981351169845,0.04586657620918938,0.7926108475775963,0.1431156667447254,-0.03794760274049288
0.0,-0.07851300408492448,0.0,0.0,0.12187493962549907,0.008737640892568841,0.02063138273441312,0.21261665718359674,0.0004998234229121374,0.12939473020070433,0.00031415456359774944,0.036548409627503525,0.03203028735903599,0.05617342896505426,0.04595919811299193,0.7970314289295131,0.14650816956960927,-0.037845974410323384
0.0,-0.07951390684772697,0.0,0.0,0.12113623212815705,0.008321133667018216,0.02044563851084242,0.21113761832084613,0.00044437397680468843,0.1289342031527058,0.00012384616258030265,0.036800288208965866,0.03181645781903163,0.056810987318359735,0.04616482698243705,0.7950552198171977,0.1503629677405878,-0.037730627269321186
0.0,0.18383989997999364,0.0,0.0,0.12801879784577685,0.009694761975851878,0.014325507869335143,0.23602194131868381,-0.005245434827823644,0.15630522037661734,0.004458742010277094,0.050758225272466546,0.03319772392445301,0.07243152659384554,0.054352707230309556,0.7733484240830518,0.17507637081125338,-0.04821917326147095
0.0,0.18185883521889148,0.0,0.0,0.12792022416835122,0.009918632700539366,0.014142779464602106,0.23404328568982155,-0.004422430124232102,0.15361444251278225,0.00403068233088712,0.05240416190043429,0.030973157877320783,0.07109145271768214,0.053810002569022145,0.7691635078100305,0.15474294010922038,-0.04847394038264485
0.0,-0.08037203301743556,0.0,0.0,0.13026744635760107,0.007596952880056525,0.019205798067048478,0.21217974368968798,0.0005897602682898671,0.12537856500240155,-0.0002320094009266316,0.03979980231756197,0.030324211197816243,0.058486539023502065,0.04510044437836387,0.7946766805862993,0.14759496236623856,-0.037620097883302214
0.0,-0.08024776907865007,0.0,0.0,0.1171988535462153,0.009271907285067965,0.018715478526846036,0.2105842669599199,0.001674004393448469,0.11935690113112594,0.0006440981825143372,0.04051874884033912,0.031918956278029,0.05347580208004631,0.04307578623065087,0.7913674406007966,0.14979956758501742,-0.03879186220433088
0.0,-0.08030904783442169,0.0,0.0,0.11992365238371414,0.009357041840997438,0.019647593224307463,0.2103087866032013,0.0012511585285741947,0.1189758021914923,-0.0005788984224173228,0.04034944068504764,0.030885200585046662,0.0546077057675138,0.04417762015195742,0.7928152869841422,0.1529326986157324,-0.039306338736377344
0.0,-0.08138690843060983,0.0,0.0,0.10857474935460569,0.010230841158574491,0.011796008592454816,0.20838227316496766,0.0009254962213449293,0.12185284833577757,0.0005588680070308137,0.043293625215047524,0.030814639902045814,0.053420512867300776,0.04618894414008766,0.7933657495471391,0.1482880080448298,-0.03857250951009099
0.0,-0.08348317433133874,0.0,0.0,0.12027358260545645,0.008539114852502607,0.012314808502706618,0.20729330153904094,0.0020182908968852504,0.12256917456267093,-0.0005639665464974051,0.0437472654907043,0.0297973282367214,0.05461469814020962,0.04519497225579758,0.7968423610057709,0.1482120775503077,-0.040269351141933044
0.0,0.1849904028714241,0.0,0.0,0.1284006943240062,0.010872551617219887,0.012142161128905817,0.2398016888262885,0.003772223406228505,0.14768736988151462,0.004444890828968424,0.05980784156192248,0.031540753332607106,0.06943536403027804,0.05434450168294251,0.7713996519572346,0.15223810525655215,-0.04851007661196277
0.0,0.19060217626148168,0.0,0.0,0.1296271303395597,0.010812804292061093,0.011227832094132636,0.23883991850765532,0.0016989609647619574,0.15142764884201984,0.004972465459546187,0.06477878540401213,0.03175008983333785,0.07145826376311397,0.054511670680901916,0.7799004292139877,0.1519095375638697,-0.04757592668930432
0.0,-0.08243411387382651,0.0,0.0,0.10863063336993731,0.007505806785965935,0.019523788797244434,0.20880061368783734,0.0009202792490829854,0.12318259240778452,-5.7463875932221885e-05,0.04326268652664259,0.024913959015200843,0.05377549748266226,0.0466125797484716,0.7843152386596506,0.15214023235018037,-0.03621653067408251
0.0,-0.08517532710778344,0.0,0.0,0.13051207985355157,0.008939763079310516,0.018753396413137727,0.21114357851832594,0.002576386845303259,0.12180216691572256,-0.0013610488757034196,0.044947212697497935,0.023401029430797613,0.05666297347620185,0.044038929011003945,0.7951888641347957,0.14495408885426217,-0.03709490942369689
0.0,-0.0838588159221487,0.0,0.0,0.12057594382874745,0.008421200933235333,0.01947611623558621,0.20973708047504144,0.0026809735081236327,0.12301500337830788,-0.0005397836262517271,0.044601592099342745,0.026514223228054138,0.055003050834727146,0.04353153772414078,0.7890110857946748,0.14851400059197234,-0.03622814613760751
0.0,-0.08192098984022476,0.0,0.0,0.12119988821528664,0.008766129335883091,0.018378404456314817,0.2115124578770106,0.0018728056344195839,0.12309696983837166,-0.002156056245249387,0.04472414314763811,0.02690073885648529,0.061308261979816446,0.04566407522100485,0.7915615080413377,0.14653373855977242,-0.03623706610604935
0.0,-0.0820423888064562,0.0,0.0,0.12242030694074243,0.00807593802051979,0.020285443686679516,0.210731406613744,0.002497545426932374,0.12295659240713334,-0.002247989388633236,0.0443470454650376,0.02684477965661664,0.06135116605181307,0.04561830122711877,0.7955917491113633,0.14773341280774727,-0.037379207039808474
0.0,0.1825146449815651,0.0,0.0,0.1297230020087687,0.014583524651199827,0.01244583952951688,0.239671848106667,0.004815130774510582,0.15304640109452708,0.0030878564034136162,0.05703741554982015,0.030469256915599454,0.07732830582694653,0.055819719736977434,0.7806972686613299,0.1442004955481978,-0.04781253834579846
0.0,0.17667878389457586,0.0,0.0,0.10129646016488088,0.013333679638552998,0.012652247490528254,0.2379179309396894,0.0031408841566550874,0.1495231401186252,0.002278555995487963,0.04441311083921696,0.028024782183187037,0.07767771039606149,0.05753079031652153,0.7805431237510235,0.1366735183544431,-0.04521281833035307
0.0,-0.07429315016831933,0.0,0.0,0.1047659681739285,0.011603091848781218,0.019498258339902725,0.2178305762257846,0.0024496331079115253,0.12377987250117216,-0.002798006348543313,0.03188672730167511,0.03194483520373031,0.06360364509718235,0.05065698611637287,0.798075537082052,0.13541680732797612,-0.03318851036180998
0.0,-0.06958997979875275,0.0,0.0,0.10578745799045261,0.006502004277869361,0.02106616311581834,0.2000158298238011,0.002998788297575688,0.08910372560992043,-0.00182876753362518,0.033009772055305434,0.03250727272092762,0.06060517333364796,0.0474349554758993,0.7907827461253116,0.14197344071059995,-0.03212067896678709
0.0,-0.06842521294451706,0.0,0.0,0.10509949894124135,0.010322949134043363,0.021119407191687225,0.16563571220459902,-0.0019997691399850225,0.00775663438176011,-0.0031535944806493554,0.03141028868013903,0.03250076252077516,0.06400030547119576,0.04337377383048586,0.7979179265686609,0.14836424195501557,-0.03159726108399051
0.0,-0.06885203860716915,0.0,0.0,0.12369064185510857,0.007987485324588678,0.020176028194325953,0.1669560519395365,3.3013754684652035e-05,0.007550073374776161,-0.004939729334654973,0.033276806163504896,0.032827641396221595,0.06474596095762596,0.04246113054246566,0.8038054166446191,0.1432745918175807,-0.03172509235229619
0.0,-0.06940836922684633,0.0,0.0,0.1145002114293419,0.012741670754425139,0.018239227235238204,0.16285972851892686,-6.557950536023622e-06,0.007981620885492991,-0.004302822541907575,0.034055729983353863,0.0350024974518276,0.06529325650179196,0.043496877106372914,0.8049090507383702,0.14547319242093226,-0.0322616120735525
0.0,0.16463090218407261,0.0,0.0,0.12363750132008046,0.010241626945046699,0.013352917043075277,0.21276271184113768,0.008315280858645304,0.10805294983421888,0.0034959306364855842,0.0422840657049087,0.038031772407083726,0.07126234479172902,0.05460411934298556,0.7819216957487132,0.1504228695136064,-0.047663454543566554
0.0,0.18278864341091253,0.0,0.0,0.1390610626296484,0.015208926051617139,0.013472301658377284,0.23835202053413992,0.0077302568904025065,0.11208962510240973,0.0019044500549298638,0.042652655819710124,0.03187274208110173,0.07197990705069834,0.05407961227349276,0.7783423754444748,0.16010499653236468,-0.0491263327623463
0.0,-0.08345471148602285,0.0,0.0,0.12691164656572743,0.007299930273566799,0.019993759001412977,0.20768950275903533,0.002254716076984263,0.1151075245137838,-0.005764879261756127,0.029313665165640174,0.032457829452453,0.0556852498914302,0.045466939397233765,0.7918734001753348,0.14730119807845585,-0.03942939609583305
0.0,-0.08196886366212215,0.0,0.0,0.1255684484537961,0.008193010960416507,0.017459804657559166,0.19960606861383748,0.0013057162416851783,0.11418934313447267,-0.005949186689627846,0.029075202480571532,0.03192571134347768,0.05350928908685508,0.045364109808910306,0.7874790878314137,0.14996115390145717,-0.03888953557150735
0.0,-0.08235783643265504,0.0,0.0,0.12860999108639806,0.007010791266715721,0.020956042706923965,0.20280763192978332,0.0023643698082178263,0.11957139709635088,-0.005491910697004463,0.02883403188317987,0.03146034976793511,0.05386393690440829,0.04534905192995486,0.7886702626464718,0.14255343288129083,-0.039036543660290114
0.0,-0.08012437577439027,0.0,0.0,0.12531287417960427,0.014119815527690916,0.02093334266531396,0.20721686367198083,0.0013624803079161885,0.12161746676826383,-0.0045540054826901715,0.03164207792332577,0.03870855922287792,0.05446031610064921,0.04692526706993423,0.795488893590188,0.1476943081700999,-0.04135251969272443
0.0,-0.08242974301576762,0.0,0.0,0.12758640832964754,0.014518670233896946,0.018540942112387673,0.20450919411367532,0.0016365917719576748,0.11568115571859909,-0.004998211350921441,0.03150551658862446,0.03345196784675003,0.05305441799542993,0.04353628462184089,0.7907681390775271,0.14646874285487596,-0.04334895927120858
0.0,0.1843240706252928,0.0,0.0,0.13128281031864433,0.02063662647169248,0.012676754743733748,0.23182074099743794,0.000568192763670068,0.15181544944170774,0.0016571250086429036,0.04535055132719928,0.04212107323265548,0.06782309860126284,0.056216169753188446,0.7805740075653893,0.18734030577198824,-0.048466925453281615
0.0,0.17946491260699668,0.0,0.0,0.13481406886959885,0.016854450631421665,0.01590835185322959,0.23556372692344846,-0.0012973559617604658,0.1550620396365097,0.0007878472991082079,0.046319238885408516,0.03597209444140991,0.06661922260014755,0.05576227959079834,0.7727255415020676,0.21107989100611568,-0.049602611711392186
0.0,-0.07907774555887574,0.0,0.0,0.12776822753840777,0.008564371735070457,0.020622515611736815,0.21330283997188934,-0.0001418964763515245,0.13142716117508088,-0.0005937715571773195,0.03850174763171106,0.03043156639094657,0.05608591033731377,0.04614715160196765,0.7879635799941127,0.18747109354042002,-0.038822969735854355
0.0,-0.07650369520789536,0.0,0.0,0.1297885795088627,0.007339372660786638,0.023909560205332716,0.20654785120125854,0.0015184255525421228,0.12937023898425656,-0.002640777858459826,0.03921782106696919,0.03402265202194993,0.05559836941448631,0.04448803614110761,0.7952437821553539,0.14623993254238193,-0.039283422888358
0.0,-0.07448100898696845,0.0,0.0,0.12963861015119768,0.00846250502936598,0.02227136016440491,0.2105054142316677,0.0008713015389015245,0.13156966950867013,-0.0013692890896460715,0.043084637465946055,0.03472073749948529,0.05538181540700292,0.04465111187511725,0.7939579833702347,0.1481218272802906,-0.03837263775721653
0.0,-0.07885966963451792,0.0,0.0,0.1280437974662573,0.007458584753917849,0.01950586873535916,0.20696133076534412,0.0009359383061810035,0.12722662069591276,-0.0010692504456587789,0.04420155366057665,0.03101086293031027,0.05446816281958011,0.04381727206422693,0.782383516162351,0.1542502293874056,-0.03909719448559652
0.0,-0.07864586084189949,0.0,0.0,0.1282455630029054,0.00792548227400954,0.022844576265712416,0.20836966625088238,0.0013310200801998483,0.12798324180618512,-0.0017943004765490786,0.05003038458264809,0.030922825606447036,0.05634061523581488,0.04196011401688799,0.7887795989863187,0.15215071565018679,-0.03953763329682271
0.0,0.17283689080007658,0.0,0.0,0.1347389084512873,0.008424404216123385,0.015623728376166423,0.2308762022690665,0.003470974898722594,0.14383908525639058,0.002151854187277935,0.06506361473248816,0.034870562341830384,0.06426928337859172,0.0498482663107551,0.7657793479619494,0.15036881948797998,-0.046623866201388975
0.0,0.17022865233129514,0.0,0.0,0.11624043511737653,0.010409311079195658,0.016490337868965806,0.2273662249427575,0.002950330889788263,0.14147034889473112,-0.00046940433963953967,0.06041092550164787,0.038679037645002426,0.06402627573447002,0.0548551008422919,0.7633797455276506,0.15565647907983438,-0.04696873785031719
0.0,-0.0803650367140608,0.0,0.0,0.12172782146041035,0.009236104130071412,0.02457194994932432,0.2147077993519138,0.0025996256025507753,0.1315546661760499,-0.0018990236036533904,0.0430630911611141,0.04029911026029874,0.05486391739063599,0.04667409952591859,0.7961372377868097,0.18677220970964278,-0.04024438971467752
0.0,-0.08088693672434963,0.0,0.0,0.13346595020601829,0.006728013329468479,-0.002268120874724414,0.20119360197732944,0.004195478924781204,0.12268998200209179,-0.005608669164638176,0.0540148664620978,0.03654461133700476,0.054355172307726754,0.04565165508445885,0.8024403938314013,0.14775971115048275,-0.04197725816187474
0.0,-0.08239976455037717,0.0,0.0,0.1274261377053893,0.006435065342216231,-0.011731937289126155,0.20525275201288903,0.0051937110581698745,0.128853998994811,-0.005529814703417848,0.0622262789936786,0.03182141095005356,0.055983967691454334,0.04256720806839259,0.8001404060070769,0.14090746204640975,-0.03950883247923688
0.0,-0.07970782587837437,0.0,0.0,0.1276306535788292,0.007111225017518433,-0.012708301158858903,0.2062312172517367,0.006896675640797166,0.13620390035507476,-0.004904430110204018,0.07901581606105962,0.02744696592368177,0.05472607502236141,0.04434644290971564,0.7950384528600629,0.14407060023446458,-0.03672836724926212
0.0,-0.07646799574672324,0.0,0.0,0.12234657863999036,0.007476133244552318,0.013386205217299238,0.21002702040755963,0.00776811819731411,0.13878719192118558,-0.0048231061410934665,0.08084245242858962,0.032138419361373786,0.055993301638981,0.04546499657285015,0.7863997428463746,0.14529104787125494,-0.03766724191317028
0.0,0.16941572936556987,0.0,0.0,0.13417373885593298,0.007346637439305736,0.015690156455307077,0.2258373328812659,0.0069607076194596875,0.1460523349509039,0.0011925006517390995,0.08465181881469258,0.027828975774702076,0.06365184553248351,0.04868747865671811,0.7410492192395585,0.15784892914568877,-0.04491851988756885
0.0,0.1710992822582114,0.0,0.0,0.14930772305853274,0.012845285929998496,0.02159421663897458,0.2358028991174808,0.0016826673721497764,0.15135161528459615,0.002301294074322085,0.08689447694661871,0.03111638682524576,0.06290718296549422,0.05155861561494034,0.7544212016898542,0.20839396484534295,-0.045933563901377414
0.0,-0.07359682048219317,0.0,0.0,0.13318400692338953,0.009604981030800583,0.02041717165189758,0.21126049492450738,0.0035101223777928812,0.1292920152443315,-0.002555116900988221,0.08247750944238115,0.025432326555123473,0.05414209419793272,0.03838397176625595,0.7692082287742045,0.1467185633852694,-0.037417761839999855
0.0,-0.07270582584156701,0.0,0.0,0.11837909574047277,0.009660450719480003,0.021653812552312312,0.2121129115188822,0.003953908613356296,0.1356614750037786,-0.002151975323202942,0.0803388301245214,0.030417983487763492,0.05488372880085746,0.03993412115668529,0.764002654644073,0.1489709392537878,-0.03664270136586292
0.0,-0.07406940541635942,0.0,0.0,0.11425825293538822,0.008257583754690032,0.02191456433163557,0.213235013981858,0.004415712709335758,0.13257970737014188,-0.0019129088898840094,0.07890009169482907,0.03178638143874294,0.05342739753222491,0.04498360548666052,0.7659721065164197,0.1500370965540154,-0.03688689229939815
0.0,-0.07494437581800008,0.0,0.0,0.12526795600392987,0.01346219064748626,0.02195955915594574,0.21296623395061956,0.005917994768230714,0.13500661601450195,-0.0027136557642542473,0.07974062846437084,0.03147737427371384,0.053124253996781334,0.04385460030128324,0.7727754825255251,0.15099683824590923,-0.03754109567994261
0.0,-0.07486174223050114,0.0,0.0,0.12517703883031214,0.013169191813397573,0.022001340082762492,0.21304839995416666,0.006127628927808476,0.1357583712667569,-0.004692686188141531,0.07834842867345942,0.03142717726459621,0.053643413527302085,0.04462613324882892,0.7700606521289063,0.1495337860258633,-0.03760211895892601
0.0,0.1722922598865296,0.0,0.0,0.1277775627866274,0.011464574817479787,0.0238206832662484,0.23574740067316172,0.005412323051131268,0.15353547151147015,0.0014714685440823285,0.08748180778131388,0.0343832327264334,0.06247367181431405,0.05225488338272418,0.7507344689766868,0.15830449477271286,-0.0458590627427616
0.0,0.17695933822815685,0.0,0.0,0.14168295258208347,0.008923907716668946,0.01613343453583538,0.2354519403312745,0.00327313283278021,0.15075173225376579,0.0012678323026347545,0.0863945267359127,0.029687261519821623,0.063519958118197,0.05178066973092118,0.7515475461635064,0.15736639625459273,-0.046447375561819076
0.0,-0.07762954627217737,0.0,0.0,0.12203820541656658,0.0074414868548938196,0.020310799611742893,0.2110125584581901,0.0033858172125960694,0.13411480806582374,-0.0046781020715780325,0.07885245565091914,0.029829717562447185,0.05280454892801602,0.044673481975531365,0.7718546085874504,0.1499664812431259,-0.036188380584413996
0.0,-0.07678912155956268,0.0,0.0,0.1219733842573082,0.007983332874892795,0.02111497686702756,0.21247830680506308,0.0034140089648367214,0.131443190724544,-0.005217046697912485,0.07809450037468543,0.031180806858476743,0.05225763401436767,0.043335646235563983,0.7717258164077547,0.14759960726843377,-0.037322801889122376
0.0,-0.07701731958978505,0.0,0.0,0.1185516187993032,0.006869610243635694,0.0208407758200013,0.21355985630209814,0.003402260539552427,0.13081312459056957,-0.004974609788274745,0.0784817583363922,0.030835390652415764,0.05286737468113937,0.04193361209968078,0.7682786330305708,0.14662627746158932,-0.03761196660010478
0.0,-0.08041698397881293,0.0,0.0,0.12440638059327523,0.008259625420388585,0.021530226893762282,0.21400055812676952,0.0030886615170491547,0.1316112441795186,-0.0032280389672677237,0.0816645123619255,0.0325458032396495,0.054068420083485155,0.044485704744426334,0.7746638040337375,0.1777304409956207,-0.036164635675510814
0.0,-0.07885502363385642,0.0,0.0,0.1330150640642358,0.008773094491335202,0.018927257784406102,0.20659811234136563,0.0025776835523955684,0.1286948451764334,-0.005970107324362547,0.07691473443406961,0.026821291611998855,0.04737368260781765,0.04073979716909966,0.7678808160555449,0.14331823406477903,-0.03688140815343975
0.0,0.17786991891029344,0.0,0.0,0.1391080457117015,0.011457444864343767,0.018220930244515796,0.22631307280236715,0.00245503823829703,0.15065737830910694,0.0004480101754177049,0.0832476145526467,0.029665348200372317,0.06292653315905697,0.049999290934588145,0.7523542613691996,0.15444173832628819,-0.04426308776204343
0.0,0.17515370057901056,0.0,0.0,0.14225220112964845,0.01363912492349578,0.017050717078891147,0.2259326317688306,0.0018966298315779063,0.14842800230928646,0.0011051796743490857,0.08335359644633693,0.029437042957955517,0.061452588179941064,0.048628914135136765,0.7521983070411807,0.15107065284169924,-0.04583057231056744
0.0,-0.07553296744966435,0.0,0.0,0.13287592816426513,0.007968045508958674,0.02290479650744764,0.2102387416052834,0.0028620917701798667,0.13082368293075722,-0.004848811814998845,0.07766053789073676,0.02749320994805591,0.048375480410175024,0.043263762295610006,0.7727065238016456,0.14338261292633478,-0.03503048572836917
0.0,-0.07697067000995601,0.0,0.0,0.13256147249626726,0.007835233632720226,0.02648587103357998,0.20889080894847462,0.002656577032704204,0.13298110118663445,-0.00454771385635211,0.07974528667895776,0.026450580235896824,0.047811563345635695,0.04279743698898904,0.7746226034048219,0.1457486652066242,-0.03707694305219225
0.0,-0.0764824357643503,0.0,0.0,0.13486322711438142,0.008456149147805488,0.024242600905488278,0.21135996370992638,0.003781782282274727,0.13336336154473769,-0.0036054982402875814,0.08010847872673198,0.02744170382678794,0.049269709861100575,0.03947744108499719,0.7749284495770761,0.15002267626809646,-0.03768224476281079
0.0,-0.07417017550369315,0.0,0.0,0.13055567326645257,0.009143024991749897,0.020096059200622098,0.21134480559220015,0.0007404968907057185,0.1332338024507919,-0.0029426385776250715,0.08103368938680608,0.02791276137896704,0.0505726754658293,0.039262050207996224,0.7639293879696638,0.14659696413090914,-0.036165111212186726
0.0,-0.07519457355857756,0.0,0.0,0.12971832716134987,0.006932890908449802,0.01949180025368744,0.21236194914430273,-0.0010512649653131886,0.13128793904167815,-0.00375128062727733,0.07645709489846994,0.026127613911399068,0.048224276107020965,0.039809594272155864,0.7613350895724093,0.14410974429843595,-0.03568937297682548
0.0,0.16953508399116318,0.0,0.0,0.13903204528736163,0.008699185063242545,0.016773928137457064,0.2263479757159565,-0.0027193498294793153,0.14735668286629303,0.002288035640296004,0.08450915231407864,0.030195307744480593,0.0621277060477969,0.0449536579303505,0.7450030436002457,0.14966275203062035,-0.04573460606383246
0.0,0.1712166157770706,0.0,0.0,0.14254695899927095,0.011637863975320226,0.021959513758124567,0.22768334850694855,-0.0025094170331518193,0.14216713966717745,0.0018369971392938863,0.08602668779815313,0.02812103460441443,0.06359540822140612,0.04578643510826509,0.7461339999862165,0.1572496705328653,-0.045281756492942415
0.0,-0.07380694379712262,0.0,0.0,0.1323780379165954,0.0066059882297267,0.020508772701243558,0.21234860144935072,-0.00040530635501640085,0.12720322487097438,-0.00129725119752576,0.08200844836632089,0.02516750363562493,0.053987730276400255,0.03748297341395836,0.765712031357067,0.14715552851491334,-0.03644980497414378
0.0,-0.0730634454041675,0.0,0.0,0.13057678426226724,0.01049030965705479,0.022308541614955702,0.21482028787216617,-0.0005243424136713379,0.13101078969483784,-0.00035914334766568224,0.08091718302555644,0.024517981196285336,0.06288847316162517,0.034290666139791086,0.7603395707550726,0.1514678615653856,-0.035301791949523625
0.0,-0.07295225580067831,0.0,0.0,0.12364369180606127,0.0073793419015742425,0.018840878454999602,0.2138497975018785,0.00242788853224069,0.1335885682320225,0.0015855564596193874,0.07875635467358397,0.027668625672599645,0.06297343134818033,0.034355872910128926,0.7599760234093362,0.1524096024003879,-0.03603777045683389
0.0,-0.07489508397082326,0.0,0.0,0.13011598364038907,0.00802847171733994,0.026035688717765713,0.21145907799984995,0.0031029144861340857,0.13353419178442852,0.0019000546090975207,0.07852461731685122,0.02547054788992053,0.061331539842382,0.039323998900471134,0.7682868793931009,0.1573013310750947,-0.036388704225740476
0.0,-0.07397863946123856,0.0,0.0,0.13369839352277166,0.008340904223954145,0.0232687174836595,0.2110981465050695,0.0036482221969126034,0.1360496407119344,0.0018317308620701112,0.0795130198373123,0.02516074428755903,0.06178044001400697,0.03820930594057346,0.7723993382700216,0.1512120099209873,-0.0368997146810363
0.0,0.1664645072514941,0.0,0.0,0.13676535655420635,0.007849576983827223,0.022817415377591407,0.22825152772634855,-0.00039193569107773166,0.1462676526759242,0.004420988252980053,0.08675058278534604,0.027264552876875334,0.07455419156845038,0.04374323076607804,0.7444982819969982,0.15814224588796222,-0.044905819733991374
0.0,0.16802217116602453,0.0,0.0,0.14306739002066376,0.010271130459916846,0.016803836802377486,0.22663594388210526,0.002676110571667494,0.139918187338161,0.0044060170044165495,0.08497184039041225,0.024094310749819912,0.07271290959239218,0.0439398952422694,0.7387455077307604,0.15254113376944992,-0.04849228657738173
0.0,-0.072221283821169,0.0,0.0,0.11294239581667581,0.008932501656719589,0.02333604633605917,0.21522245242087373,0.002282567849216941,0.13617602496012424,-0.0014430101275839193,0.08185931261852628,0.0270969507368973,0.058582379692735255,0.04261027208292112,0.7730651077967715,0.1517752651691458,-0.03755069727956521
0.0,-0.07458735103132248,0.0,0.0,0.1336789512059563,0.006045688963731753,0.018182714982478358,0.21081632421861324,0.0030765002235867665,0.13156394420674453,-0.0021206672863629287,0.08157205518011952,0.02293440715056253,0.05965611744035326,0.03749295113913857,0.7625468523290708,0.14534362417356295,-0.037188481663828474
0.0,-0.07415791866969243,0.0,0.0,0.12997337823750002,0.0074213714506753126,0.0193470619153204,0.20975118522435438,0.003277246794559658,0.1344274537193387,-0.0020774558677627074,0.08185150622869376,0.02408383196156099,0.06057268120066193,0.03797611295355468,0.7699190496229467,0.14639106339728067,-0.03559394851315892
0.0,-0.07370419847682838,0.0,0.0,0.1344773346886899,0.008276978341066296,0.026036332161923338,0.21189210332597463,0.003517441000037329,0.13610357232953993,-0.0016858878736712506,0.08518702129762472,0.02319940345833159,0.06120812796641809,0.03826486208482703,0.7693969468151823,0.1473430275093947,-0.03618026980026867
0.0,-0.07284516301428193,0.0,0.0,0.12588064536234086,0.008443020239550016,0.028485679474631775,0.21031653263685182,0.003533930414220717,0.13674548742093115,-0.0020769624259385573,0.08344335885236946,0.02605483094013624,0.06053861317893492,0.03842873328345682,0.7707875545916668,0.14918333569703518,-0.03735622717340119
